[
    {
        "uid": 0,
        "age": 32,
        "firstName": "Jaclyn",
        "lastName": "Petty",
        "course": {
            "uid": 1,
            "name": "Software Engineering"
        },
        "modules": [
            {
                "uid": 0,
                "name": "Module 0"
            },
            {
                "uid": 1,
                "name": "Module 1"
            },
            {
                "uid": 2,
                "name": "Module 2"
            }
        ],
        "registration": {
            "uid": 0,
            "signature": "8a700e2b-f14c-4b69-bcd6-f8baddabb1da"
        }
    },
    {
        "uid": 1,
        "age": 32,
        "firstName": "Logan",
        "lastName": "Buck",
        "course": {
            "uid": 1,
            "name": "Software Engineering"
        },
        "modules": [
            {
                "uid": 0,
                "name": "Module 0"
            },
            {
                "uid": 1,
                "name": "Module 1"
            },
            {
                "uid": 2,
                "name": "Module 2"
            },
            {
                "uid": 3,
                "name": "Module 3"
            }
        ],
        "registration": {
            "uid": 1,
            "signature": "bc07b858-c305-4690-b9ea-0227f3014958"
        }
    },
    {
        "uid": 2,
        "age": 23,
        "firstName": "Vincent",
        "lastName": "Chambers",
        "course": {
            "uid": 1,
            "name": "Software Engineering"
        },
        "modules": [
            {
                "uid": 0,
                "name": "Module 0"
            },
            {
                "uid": 1,
                "name": "Module 1"
            },
            {
                "uid": 2,
                "name": "Module 2"
            },
            {
                "uid": 3,
                "name": "Module 3"
            },
            {
                "uid": 4,
                "name": "Module 4"
            }
        ],
        "registration": {
            "uid": 2,
            "signature": "f2b9c46d-6ac8-47a1-9ecc-b1b4fd077431"
        }
    },
    {
        "uid": 3,
        "age": 37,
        "firstName": "Abigail",
        "lastName": "Wise",
        "course": {
            "uid": 1,
            "name": "Software Engineering"
        },
        "modules": [
            {
                "uid": 0,
                "name": "Module 0"
            },
            {
                "uid": 1,
                "name": "Module 1"
            },
            {
                "uid": 2,
                "name": "Module 2"
            },
            {
                "uid": 3,
                "name": "Module 3"
            },
            {
                "uid": 4,
                "name": "Module 4"
            },
            {
                "uid": 5,
                "name": "Module 5"
            },
            {
                "uid": 6,
                "name": "Module 6"
            },
            {
                "uid": 7,
                "name": "Module 7"
            },
            {
                "uid": 8,
                "name": "Module 8"
            },
            {
                "uid": 9,
                "name": "Module 9"
            }
        ],
        "registration": {
            "uid": 3,
            "signature": "e2d3e349-0488-4702-bafb-a265a40dcaed"
        }
    },
    {
        "uid": 4,
        "age": 22,
        "firstName": "Boyer",
        "lastName": "Lee",
        "course": {
            "uid": 1,
            "name": "Software Engineering"
        },
        "modules": [
            {
                "uid": 0,
                "name": "Module 0"
            },
            {
                "uid": 1,
                "name": "Module 1"
            },
            {
                "uid": 2,
                "name": "Module 2"
            },
            {
                "uid": 3,
                "name": "Module 3"
            },
            {
                "uid": 4,
                "name": "Module 4"
            },
            {
                "uid": 5,
                "name": "Module 5"
            },
            {
                "uid": 6,
                "name": "Module 6"
            }
        ],
        "registration": {
            "uid": 4,
            "signature": "7ddb73af-d2f9-42ca-8a55-867872e2bf4f"
        }
    },
    {
        "uid": 5,
        "age": 23,
        "firstName": "Singleton",
        "lastName": "Cohen",
        "course": {
            "uid": 1,
            "name": "Software Engineering"
        },
        "modules": [
            {
                "uid": 0,
                "name": "Module 0"
            },
            {
                "uid": 1,
                "name": "Module 1"
            },
            {
                "uid": 2,
                "name": "Module 2"
            },
            {
                "uid": 3,
                "name": "Module 3"
            },
            {
                "uid": 4,
                "name": "Module 4"
            },
            {
                "uid": 5,
                "name": "Module 5"
            },
            {
                "uid": 6,
                "name": "Module 6"
            },
            {
                "uid": 7,
                "name": "Module 7"
            },
            {
                "uid": 8,
                "name": "Module 8"
            }
        ],
        "registration": {
            "uid": 5,
            "signature": "33589335-51fe-4b20-afb9-36eda688ec90"
        }
    },
    {
        "uid": 6,
        "age": 30,
        "firstName": "Ford",
        "lastName": "Dillard",
        "course": {
            "uid": 1,
            "name": "Software Engineering"
        },
        "modules": [
            {
                "uid": 0,
                "name": "Module 0"
            },
            {
                "uid": 1,
                "name": "Module 1"
            },
            {
                "uid": 2,
                "name": "Module 2"
            },
            {
                "uid": 3,
                "name": "Module 3"
            },
            {
                "uid": 4,
                "name": "Module 4"
            },
            {
                "uid": 5,
                "name": "Module 5"
            },
            {
                "uid": 6,
                "name": "Module 6"
            },
            {
                "uid": 7,
                "name": "Module 7"
            },
            {
                "uid": 8,
                "name": "Module 8"
            },
            {
                "uid": 9,
                "name": "Module 9"
            }
        ],
        "registration": {
            "uid": 6,
            "signature": "edd39f99-7090-4404-8376-1cab35239359"
        }
    },
    {
        "uid": 7,
        "age": 20,
        "firstName": "Hope",
        "lastName": "Howe",
        "course": {
            "uid": 1,
            "name": "Software Engineering"
        },
        "modules": [
            {
                "uid": 0,
                "name": "Module 0"
            },
            {
                "uid": 1,
                "name": "Module 1"
            },
            {
                "uid": 2,
                "name": "Module 2"
            },
            {
                "uid": 3,
                "name": "Module 3"
            },
            {
                "uid": 4,
                "name": "Module 4"
            }
        ],
        "registration": {
            "uid": 7,
            "signature": "93297d2d-3e02-452f-b9c4-6679f84322e5"
        }
    },
    {
        "uid": 8,
        "age": 38,
        "firstName": "Alicia",
        "lastName": "Galloway",
        "course": {
            "uid": 1,
            "name": "Software Engineering"
        },
        "modules": [
            {
                "uid": 0,
                "name": "Module 0"
            },
            {
                "uid": 1,
                "name": "Module 1"
            },
            {
                "uid": 2,
                "name": "Module 2"
            },
            {
                "uid": 3,
                "name": "Module 3"
            },
            {
                "uid": 4,
                "name": "Module 4"
            }
        ],
        "registration": {
            "uid": 8,
            "signature": "7ddb4d80-9ff6-48c6-8894-442f3c6b98fa"
        }
    },
    {
        "uid": 9,
        "age": 24,
        "firstName": "Michelle",
        "lastName": "Robinson",
        "course": {
            "uid": 1,
            "name": "Software Engineering"
        },
        "modules": [
            {
                "uid": 0,
                "name": "Module 0"
            },
            {
                "uid": 1,
                "name": "Module 1"
            },
            {
                "uid": 2,
                "name": "Module 2"
            },
            {
                "uid": 3,
                "name": "Module 3"
            },
            {
                "uid": 4,
                "name": "Module 4"
            },
            {
                "uid": 5,
                "name": "Module 5"
            }
        ],
        "registration": {
            "uid": 9,
            "signature": "01248801-8ee5-4abf-ae14-b5e1135cdbca"
        }
    },
    {
        "uid": 10,
        "age": 21,
        "firstName": "Tara",
        "lastName": "Richards",
        "course": {
            "uid": 1,
            "name": "Software Engineering"
        },
        "modules": [
            {
                "uid": 0,
                "name": "Module 0"
            },
            {
                "uid": 1,
                "name": "Module 1"
            },
            {
                "uid": 2,
                "name": "Module 2"
            },
            {
                "uid": 3,
                "name": "Module 3"
            },
            {
                "uid": 4,
                "name": "Module 4"
            },
            {
                "uid": 5,
                "name": "Module 5"
            }
        ],
        "registration": {
            "uid": 10,
            "signature": "3a5915ef-18ae-4f30-9089-36335b391669"
        }
    },
    {
        "uid": 11,
        "age": 38,
        "firstName": "Cindy",
        "lastName": "Henson",
        "course": {
            "uid": 1,
            "name": "Software Engineering"
        },
        "modules": [
            {
                "uid": 0,
                "name": "Module 0"
            },
            {
                "uid": 1,
                "name": "Module 1"
            },
            {
                "uid": 2,
                "name": "Module 2"
            },
            {
                "uid": 3,
                "name": "Module 3"
            }
        ],
        "registration": {
            "uid": 11,
            "signature": "279d50f5-bf85-41d9-b43a-d08f95ee3585"
        }
    },
    {
        "uid": 12,
        "age": 32,
        "firstName": "Franco",
        "lastName": "Casey",
        "course": {
            "uid": 1,
            "name": "Software Engineering"
        },
        "modules": [
            {
                "uid": 0,
                "name": "Module 0"
            },
            {
                "uid": 1,
                "name": "Module 1"
            },
            {
                "uid": 2,
                "name": "Module 2"
            }
        ],
        "registration": {
            "uid": 12,
            "signature": "19fce836-196d-483f-a3a1-ab223b41890a"
        }
    },
    {
        "uid": 13,
        "age": 26,
        "firstName": "Williams",
        "lastName": "Sandoval",
        "course": {
            "uid": 1,
            "name": "Software Engineering"
        },
        "modules": [
            {
                "uid": 0,
                "name": "Module 0"
            },
            {
                "uid": 1,
                "name": "Module 1"
            },
            {
                "uid": 2,
                "name": "Module 2"
            },
            {
                "uid": 3,
                "name": "Module 3"
            },
            {
                "uid": 4,
                "name": "Module 4"
            },
            {
                "uid": 5,
                "name": "Module 5"
            },
            {
                "uid": 6,
                "name": "Module 6"
            },
            {
                "uid": 7,
                "name": "Module 7"
            },
            {
                "uid": 8,
                "name": "Module 8"
            }
        ],
        "registration": {
            "uid": 13,
            "signature": "982d2912-0795-4e1f-a99a-93941d5cd467"
        }
    },
    {
        "uid": 14,
        "age": 25,
        "firstName": "Barbara",
        "lastName": "Kennedy",
        "course": {
            "uid": 1,
            "name": "Software Engineering"
        },
        "modules": [
            {
                "uid": 0,
                "name": "Module 0"
            },
            {
                "uid": 1,
                "name": "Module 1"
            },
            {
                "uid": 2,
                "name": "Module 2"
            },
            {
                "uid": 3,
                "name": "Module 3"
            },
            {
                "uid": 4,
                "name": "Module 4"
            },
            {
                "uid": 5,
                "name": "Module 5"
            },
            {
                "uid": 6,
                "name": "Module 6"
            }
        ],
        "registration": {
            "uid": 14,
            "signature": "31dd2c1c-93d1-4170-9119-8afcf7c1bce3"
        }
    },
    {
        "uid": 15,
        "age": 23,
        "firstName": "Guadalupe",
        "lastName": "Montgomery",
        "course": {
            "uid": 1,
            "name": "Software Engineering"
        },
        "modules": [
            {
                "uid": 0,
                "name": "Module 0"
            },
            {
                "uid": 1,
                "name": "Module 1"
            },
            {
                "uid": 2,
                "name": "Module 2"
            },
            {
                "uid": 3,
                "name": "Module 3"
            },
            {
                "uid": 4,
                "name": "Module 4"
            },
            {
                "uid": 5,
                "name": "Module 5"
            },
            {
                "uid": 6,
                "name": "Module 6"
            }
        ],
        "registration": {
            "uid": 15,
            "signature": "d6599d54-9002-4886-9a78-1672ae0aae80"
        }
    },
    {
        "uid": 16,
        "age": 39,
        "firstName": "Michael",
        "lastName": "Valdez",
        "course": {
            "uid": 1,
            "name": "Software Engineering"
        },
        "modules": [
            {
                "uid": 0,
                "name": "Module 0"
            },
            {
                "uid": 1,
                "name": "Module 1"
            },
            {
                "uid": 2,
                "name": "Module 2"
            },
            {
                "uid": 3,
                "name": "Module 3"
            },
            {
                "uid": 4,
                "name": "Module 4"
            },
            {
                "uid": 5,
                "name": "Module 5"
            }
        ],
        "registration": {
            "uid": 16,
            "signature": "8ea6807e-ad22-4842-be76-a3a5e7ce5fe6"
        }
    },
    {
        "uid": 17,
        "age": 22,
        "firstName": "Avila",
        "lastName": "Hopkins",
        "course": {
            "uid": 1,
            "name": "Software Engineering"
        },
        "modules": [
            {
                "uid": 0,
                "name": "Module 0"
            },
            {
                "uid": 1,
                "name": "Module 1"
            },
            {
                "uid": 2,
                "name": "Module 2"
            },
            {
                "uid": 3,
                "name": "Module 3"
            }
        ],
        "registration": {
            "uid": 17,
            "signature": "c610784a-4edc-4c19-bf9a-ff7383508f05"
        }
    },
    {
        "uid": 18,
        "age": 32,
        "firstName": "Bishop",
        "lastName": "Lynch",
        "course": {
            "uid": 1,
            "name": "Software Engineering"
        },
        "modules": [
            {
                "uid": 0,
                "name": "Module 0"
            },
            {
                "uid": 1,
                "name": "Module 1"
            },
            {
                "uid": 2,
                "name": "Module 2"
            },
            {
                "uid": 3,
                "name": "Module 3"
            }
        ],
        "registration": {
            "uid": 18,
            "signature": "9e32c70d-beeb-4014-ba01-e400a9e279cb"
        }
    },
    {
        "uid": 19,
        "age": 40,
        "firstName": "Noemi",
        "lastName": "Massey",
        "course": {
            "uid": 1,
            "name": "Software Engineering"
        },
        "modules": [
            {
                "uid": 0,
                "name": "Module 0"
            },
            {
                "uid": 1,
                "name": "Module 1"
            },
            {
                "uid": 2,
                "name": "Module 2"
            },
            {
                "uid": 3,
                "name": "Module 3"
            }
        ],
        "registration": {
            "uid": 19,
            "signature": "12150a52-fb82-40e5-b51c-be07025b0a27"
        }
    },
    {
        "uid": 20,
        "age": 22,
        "firstName": "Aileen",
        "lastName": "Fleming",
        "course": {
            "uid": 1,
            "name": "Software Engineering"
        },
        "modules": [
            {
                "uid": 0,
                "name": "Module 0"
            },
            {
                "uid": 1,
                "name": "Module 1"
            },
            {
                "uid": 2,
                "name": "Module 2"
            },
            {
                "uid": 3,
                "name": "Module 3"
            },
            {
                "uid": 4,
                "name": "Module 4"
            },
            {
                "uid": 5,
                "name": "Module 5"
            }
        ],
        "registration": {
            "uid": 20,
            "signature": "17a6a9f6-af4e-4816-b747-0ff08141ce6b"
        }
    },
    {
        "uid": 21,
        "age": 40,
        "firstName": "Barron",
        "lastName": "Roberts",
        "course": {
            "uid": 1,
            "name": "Software Engineering"
        },
        "modules": [
            {
                "uid": 0,
                "name": "Module 0"
            },
            {
                "uid": 1,
                "name": "Module 1"
            },
            {
                "uid": 2,
                "name": "Module 2"
            },
            {
                "uid": 3,
                "name": "Module 3"
            },
            {
                "uid": 4,
                "name": "Module 4"
            },
            {
                "uid": 5,
                "name": "Module 5"
            },
            {
                "uid": 6,
                "name": "Module 6"
            },
            {
                "uid": 7,
                "name": "Module 7"
            },
            {
                "uid": 8,
                "name": "Module 8"
            }
        ],
        "registration": {
            "uid": 21,
            "signature": "0c10e94c-87ee-4adb-a2fe-edd6e1b499b3"
        }
    },
    {
        "uid": 22,
        "age": 31,
        "firstName": "Spencer",
        "lastName": "Benson",
        "course": {
            "uid": 1,
            "name": "Software Engineering"
        },
        "modules": [
            {
                "uid": 0,
                "name": "Module 0"
            },
            {
                "uid": 1,
                "name": "Module 1"
            },
            {
                "uid": 2,
                "name": "Module 2"
            },
            {
                "uid": 3,
                "name": "Module 3"
            },
            {
                "uid": 4,
                "name": "Module 4"
            },
            {
                "uid": 5,
                "name": "Module 5"
            },
            {
                "uid": 6,
                "name": "Module 6"
            },
            {
                "uid": 7,
                "name": "Module 7"
            },
            {
                "uid": 8,
                "name": "Module 8"
            }
        ],
        "registration": {
            "uid": 22,
            "signature": "8666bdb5-acc4-4e99-a6f0-cfbbf78a572e"
        }
    },
    {
        "uid": 23,
        "age": 25,
        "firstName": "Washington",
        "lastName": "Harding",
        "course": {
            "uid": 1,
            "name": "Software Engineering"
        },
        "modules": [
            {
                "uid": 0,
                "name": "Module 0"
            },
            {
                "uid": 1,
                "name": "Module 1"
            },
            {
                "uid": 2,
                "name": "Module 2"
            },
            {
                "uid": 3,
                "name": "Module 3"
            },
            {
                "uid": 4,
                "name": "Module 4"
            },
            {
                "uid": 5,
                "name": "Module 5"
            },
            {
                "uid": 6,
                "name": "Module 6"
            },
            {
                "uid": 7,
                "name": "Module 7"
            },
            {
                "uid": 8,
                "name": "Module 8"
            },
            {
                "uid": 9,
                "name": "Module 9"
            }
        ],
        "registration": {
            "uid": 23,
            "signature": "8cd3ae34-1a33-4598-8b83-8ef3ce1a4840"
        }
    },
    {
        "uid": 24,
        "age": 20,
        "firstName": "Hester",
        "lastName": "Dodson",
        "course": {
            "uid": 1,
            "name": "Software Engineering"
        },
        "modules": [
            {
                "uid": 0,
                "name": "Module 0"
            },
            {
                "uid": 1,
                "name": "Module 1"
            },
            {
                "uid": 2,
                "name": "Module 2"
            },
            {
                "uid": 3,
                "name": "Module 3"
            },
            {
                "uid": 4,
                "name": "Module 4"
            },
            {
                "uid": 5,
                "name": "Module 5"
            },
            {
                "uid": 6,
                "name": "Module 6"
            },
            {
                "uid": 7,
                "name": "Module 7"
            },
            {
                "uid": 8,
                "name": "Module 8"
            }
        ],
        "registration": {
            "uid": 24,
            "signature": "43b3be6c-fbfc-4d4e-bd11-5fc7997b146a"
        }
    },
    {
        "uid": 25,
        "age": 34,
        "firstName": "Cervantes",
        "lastName": "Goodman",
        "course": {
            "uid": 1,
            "name": "Software Engineering"
        },
        "modules": [
            {
                "uid": 0,
                "name": "Module 0"
            },
            {
                "uid": 1,
                "name": "Module 1"
            },
            {
                "uid": 2,
                "name": "Module 2"
            },
            {
                "uid": 3,
                "name": "Module 3"
            },
            {
                "uid": 4,
                "name": "Module 4"
            },
            {
                "uid": 5,
                "name": "Module 5"
            },
            {
                "uid": 6,
                "name": "Module 6"
            },
            {
                "uid": 7,
                "name": "Module 7"
            }
        ],
        "registration": {
            "uid": 25,
            "signature": "7d88ccdb-768a-4a27-ab4a-c7e9dcab841c"
        }
    },
    {
        "uid": 26,
        "age": 39,
        "firstName": "Mallory",
        "lastName": "Gray",
        "course": {
            "uid": 1,
            "name": "Software Engineering"
        },
        "modules": [
            {
                "uid": 0,
                "name": "Module 0"
            },
            {
                "uid": 1,
                "name": "Module 1"
            },
            {
                "uid": 2,
                "name": "Module 2"
            },
            {
                "uid": 3,
                "name": "Module 3"
            },
            {
                "uid": 4,
                "name": "Module 4"
            },
            {
                "uid": 5,
                "name": "Module 5"
            },
            {
                "uid": 6,
                "name": "Module 6"
            },
            {
                "uid": 7,
                "name": "Module 7"
            },
            {
                "uid": 8,
                "name": "Module 8"
            },
            {
                "uid": 9,
                "name": "Module 9"
            }
        ],
        "registration": {
            "uid": 26,
            "signature": "4bd5ebff-b688-4c97-a160-6c4574d917f7"
        }
    },
    {
        "uid": 27,
        "age": 39,
        "firstName": "Lacey",
        "lastName": "Branch",
        "course": {
            "uid": 1,
            "name": "Software Engineering"
        },
        "modules": [
            {
                "uid": 0,
                "name": "Module 0"
            },
            {
                "uid": 1,
                "name": "Module 1"
            },
            {
                "uid": 2,
                "name": "Module 2"
            },
            {
                "uid": 3,
                "name": "Module 3"
            },
            {
                "uid": 4,
                "name": "Module 4"
            },
            {
                "uid": 5,
                "name": "Module 5"
            },
            {
                "uid": 6,
                "name": "Module 6"
            },
            {
                "uid": 7,
                "name": "Module 7"
            }
        ],
        "registration": {
            "uid": 27,
            "signature": "e69f68f6-5277-4d26-926f-4005bc58cbe8"
        }
    },
    {
        "uid": 28,
        "age": 31,
        "firstName": "Marina",
        "lastName": "Mcfarland",
        "course": {
            "uid": 1,
            "name": "Software Engineering"
        },
        "modules": [
            {
                "uid": 0,
                "name": "Module 0"
            },
            {
                "uid": 1,
                "name": "Module 1"
            },
            {
                "uid": 2,
                "name": "Module 2"
            },
            {
                "uid": 3,
                "name": "Module 3"
            },
            {
                "uid": 4,
                "name": "Module 4"
            },
            {
                "uid": 5,
                "name": "Module 5"
            }
        ],
        "registration": {
            "uid": 28,
            "signature": "a0eba70b-4bac-4f2a-8f43-dc7e36a196ed"
        }
    },
    {
        "uid": 29,
        "age": 30,
        "firstName": "Jessie",
        "lastName": "Ray",
        "course": {
            "uid": 1,
            "name": "Software Engineering"
        },
        "modules": [
            {
                "uid": 0,
                "name": "Module 0"
            },
            {
                "uid": 1,
                "name": "Module 1"
            },
            {
                "uid": 2,
                "name": "Module 2"
            },
            {
                "uid": 3,
                "name": "Module 3"
            }
        ],
        "registration": {
            "uid": 29,
            "signature": "456611c1-8b40-4d7c-9bc1-e9dc48e48ff2"
        }
    },
    {
        "uid": 30,
        "age": 24,
        "firstName": "Lenore",
        "lastName": "Hughes",
        "course": {
            "uid": 1,
            "name": "Software Engineering"
        },
        "modules": [
            {
                "uid": 0,
                "name": "Module 0"
            },
            {
                "uid": 1,
                "name": "Module 1"
            },
            {
                "uid": 2,
                "name": "Module 2"
            },
            {
                "uid": 3,
                "name": "Module 3"
            },
            {
                "uid": 4,
                "name": "Module 4"
            },
            {
                "uid": 5,
                "name": "Module 5"
            },
            {
                "uid": 6,
                "name": "Module 6"
            },
            {
                "uid": 7,
                "name": "Module 7"
            }
        ],
        "registration": {
            "uid": 30,
            "signature": "743f1854-8ea2-4545-9cc5-9837d7c93154"
        }
    },
    {
        "uid": 31,
        "age": 25,
        "firstName": "Violet",
        "lastName": "Marquez",
        "course": {
            "uid": 1,
            "name": "Software Engineering"
        },
        "modules": [
            {
                "uid": 0,
                "name": "Module 0"
            },
            {
                "uid": 1,
                "name": "Module 1"
            },
            {
                "uid": 2,
                "name": "Module 2"
            },
            {
                "uid": 3,
                "name": "Module 3"
            },
            {
                "uid": 4,
                "name": "Module 4"
            },
            {
                "uid": 5,
                "name": "Module 5"
            }
        ],
        "registration": {
            "uid": 31,
            "signature": "1d1e783e-3206-4f4d-9aab-0a86e3ab1238"
        }
    },
    {
        "uid": 32,
        "age": 21,
        "firstName": "Valdez",
        "lastName": "Dean",
        "course": {
            "uid": 1,
            "name": "Software Engineering"
        },
        "modules": [
            {
                "uid": 0,
                "name": "Module 0"
            },
            {
                "uid": 1,
                "name": "Module 1"
            },
            {
                "uid": 2,
                "name": "Module 2"
            },
            {
                "uid": 3,
                "name": "Module 3"
            },
            {
                "uid": 4,
                "name": "Module 4"
            },
            {
                "uid": 5,
                "name": "Module 5"
            },
            {
                "uid": 6,
                "name": "Module 6"
            },
            {
                "uid": 7,
                "name": "Module 7"
            }
        ],
        "registration": {
            "uid": 32,
            "signature": "5cbbbdbf-d1b4-4727-99d8-ebc709104c7c"
        }
    },
    {
        "uid": 33,
        "age": 20,
        "firstName": "Woods",
        "lastName": "Sampson",
        "course": {
            "uid": 1,
            "name": "Software Engineering"
        },
        "modules": [
            {
                "uid": 0,
                "name": "Module 0"
            },
            {
                "uid": 1,
                "name": "Module 1"
            },
            {
                "uid": 2,
                "name": "Module 2"
            },
            {
                "uid": 3,
                "name": "Module 3"
            },
            {
                "uid": 4,
                "name": "Module 4"
            },
            {
                "uid": 5,
                "name": "Module 5"
            }
        ],
        "registration": {
            "uid": 33,
            "signature": "4c331483-e6cb-4f78-8120-6679d6120c9d"
        }
    },
    {
        "uid": 34,
        "age": 21,
        "firstName": "Whitehead",
        "lastName": "Rush",
        "course": {
            "uid": 1,
            "name": "Software Engineering"
        },
        "modules": [
            {
                "uid": 0,
                "name": "Module 0"
            },
            {
                "uid": 1,
                "name": "Module 1"
            },
            {
                "uid": 2,
                "name": "Module 2"
            },
            {
                "uid": 3,
                "name": "Module 3"
            }
        ],
        "registration": {
            "uid": 34,
            "signature": "d3a27f98-676a-426c-82c1-e88e2b6a98a7"
        }
    },
    {
        "uid": 35,
        "age": 28,
        "firstName": "Sandoval",
        "lastName": "Sargent",
        "course": {
            "uid": 1,
            "name": "Software Engineering"
        },
        "modules": [
            {
                "uid": 0,
                "name": "Module 0"
            },
            {
                "uid": 1,
                "name": "Module 1"
            },
            {
                "uid": 2,
                "name": "Module 2"
            },
            {
                "uid": 3,
                "name": "Module 3"
            },
            {
                "uid": 4,
                "name": "Module 4"
            },
            {
                "uid": 5,
                "name": "Module 5"
            },
            {
                "uid": 6,
                "name": "Module 6"
            },
            {
                "uid": 7,
                "name": "Module 7"
            },
            {
                "uid": 8,
                "name": "Module 8"
            },
            {
                "uid": 9,
                "name": "Module 9"
            }
        ],
        "registration": {
            "uid": 35,
            "signature": "f9fc9829-12f0-4ac5-869a-51958c2a0cd1"
        }
    },
    {
        "uid": 36,
        "age": 31,
        "firstName": "Harrison",
        "lastName": "Odom",
        "course": {
            "uid": 1,
            "name": "Software Engineering"
        },
        "modules": [
            {
                "uid": 0,
                "name": "Module 0"
            },
            {
                "uid": 1,
                "name": "Module 1"
            },
            {
                "uid": 2,
                "name": "Module 2"
            },
            {
                "uid": 3,
                "name": "Module 3"
            },
            {
                "uid": 4,
                "name": "Module 4"
            },
            {
                "uid": 5,
                "name": "Module 5"
            },
            {
                "uid": 6,
                "name": "Module 6"
            },
            {
                "uid": 7,
                "name": "Module 7"
            },
            {
                "uid": 8,
                "name": "Module 8"
            }
        ],
        "registration": {
            "uid": 36,
            "signature": "01e4065f-d416-4034-9883-0e21b181eade"
        }
    },
    {
        "uid": 37,
        "age": 39,
        "firstName": "Carmella",
        "lastName": "Castro",
        "course": {
            "uid": 1,
            "name": "Software Engineering"
        },
        "modules": [
            {
                "uid": 0,
                "name": "Module 0"
            },
            {
                "uid": 1,
                "name": "Module 1"
            },
            {
                "uid": 2,
                "name": "Module 2"
            },
            {
                "uid": 3,
                "name": "Module 3"
            },
            {
                "uid": 4,
                "name": "Module 4"
            },
            {
                "uid": 5,
                "name": "Module 5"
            },
            {
                "uid": 6,
                "name": "Module 6"
            }
        ],
        "registration": {
            "uid": 37,
            "signature": "6e8407d0-75b0-42c8-a822-bee8afafd3f0"
        }
    },
    {
        "uid": 38,
        "age": 39,
        "firstName": "Terra",
        "lastName": "Mooney",
        "course": {
            "uid": 1,
            "name": "Software Engineering"
        },
        "modules": [
            {
                "uid": 0,
                "name": "Module 0"
            },
            {
                "uid": 1,
                "name": "Module 1"
            },
            {
                "uid": 2,
                "name": "Module 2"
            },
            {
                "uid": 3,
                "name": "Module 3"
            },
            {
                "uid": 4,
                "name": "Module 4"
            },
            {
                "uid": 5,
                "name": "Module 5"
            }
        ],
        "registration": {
            "uid": 38,
            "signature": "a27ffe90-86cf-4c7b-a09d-eb8748a08db9"
        }
    },
    {
        "uid": 39,
        "age": 26,
        "firstName": "Dalton",
        "lastName": "Barr",
        "course": {
            "uid": 1,
            "name": "Software Engineering"
        },
        "modules": [
            {
                "uid": 0,
                "name": "Module 0"
            },
            {
                "uid": 1,
                "name": "Module 1"
            },
            {
                "uid": 2,
                "name": "Module 2"
            },
            {
                "uid": 3,
                "name": "Module 3"
            },
            {
                "uid": 4,
                "name": "Module 4"
            },
            {
                "uid": 5,
                "name": "Module 5"
            },
            {
                "uid": 6,
                "name": "Module 6"
            },
            {
                "uid": 7,
                "name": "Module 7"
            }
        ],
        "registration": {
            "uid": 39,
            "signature": "b49251c2-5bd8-440a-b03d-a2d7b57ed420"
        }
    },
    {
        "uid": 40,
        "age": 38,
        "firstName": "Kathrine",
        "lastName": "Francis",
        "course": {
            "uid": 1,
            "name": "Software Engineering"
        },
        "modules": [
            {
                "uid": 0,
                "name": "Module 0"
            },
            {
                "uid": 1,
                "name": "Module 1"
            },
            {
                "uid": 2,
                "name": "Module 2"
            }
        ],
        "registration": {
            "uid": 40,
            "signature": "f4c6de55-5125-4b88-91d1-5a48301c90b8"
        }
    },
    {
        "uid": 41,
        "age": 25,
        "firstName": "Chandler",
        "lastName": "Ratliff",
        "course": {
            "uid": 1,
            "name": "Software Engineering"
        },
        "modules": [
            {
                "uid": 0,
                "name": "Module 0"
            },
            {
                "uid": 1,
                "name": "Module 1"
            },
            {
                "uid": 2,
                "name": "Module 2"
            },
            {
                "uid": 3,
                "name": "Module 3"
            },
            {
                "uid": 4,
                "name": "Module 4"
            },
            {
                "uid": 5,
                "name": "Module 5"
            },
            {
                "uid": 6,
                "name": "Module 6"
            }
        ],
        "registration": {
            "uid": 41,
            "signature": "239384b4-b2cc-4676-bd48-f329a4d65ca7"
        }
    },
    {
        "uid": 42,
        "age": 25,
        "firstName": "Bernice",
        "lastName": "Wagner",
        "course": {
            "uid": 1,
            "name": "Software Engineering"
        },
        "modules": [
            {
                "uid": 0,
                "name": "Module 0"
            },
            {
                "uid": 1,
                "name": "Module 1"
            },
            {
                "uid": 2,
                "name": "Module 2"
            },
            {
                "uid": 3,
                "name": "Module 3"
            },
            {
                "uid": 4,
                "name": "Module 4"
            },
            {
                "uid": 5,
                "name": "Module 5"
            },
            {
                "uid": 6,
                "name": "Module 6"
            }
        ],
        "registration": {
            "uid": 42,
            "signature": "e3d8e0c1-f90d-4342-911a-1cf0800b7b34"
        }
    },
    {
        "uid": 43,
        "age": 37,
        "firstName": "Horne",
        "lastName": "Mejia",
        "course": {
            "uid": 1,
            "name": "Software Engineering"
        },
        "modules": [
            {
                "uid": 0,
                "name": "Module 0"
            },
            {
                "uid": 1,
                "name": "Module 1"
            },
            {
                "uid": 2,
                "name": "Module 2"
            },
            {
                "uid": 3,
                "name": "Module 3"
            },
            {
                "uid": 4,
                "name": "Module 4"
            },
            {
                "uid": 5,
                "name": "Module 5"
            }
        ],
        "registration": {
            "uid": 43,
            "signature": "d7faa256-7491-4f3e-832d-2df38575b365"
        }
    },
    {
        "uid": 44,
        "age": 31,
        "firstName": "Lloyd",
        "lastName": "Charles",
        "course": {
            "uid": 1,
            "name": "Software Engineering"
        },
        "modules": [
            {
                "uid": 0,
                "name": "Module 0"
            },
            {
                "uid": 1,
                "name": "Module 1"
            },
            {
                "uid": 2,
                "name": "Module 2"
            },
            {
                "uid": 3,
                "name": "Module 3"
            },
            {
                "uid": 4,
                "name": "Module 4"
            },
            {
                "uid": 5,
                "name": "Module 5"
            },
            {
                "uid": 6,
                "name": "Module 6"
            }
        ],
        "registration": {
            "uid": 44,
            "signature": "e8f58578-e97e-4337-a5d0-c2eb2ed1c143"
        }
    },
    {
        "uid": 45,
        "age": 40,
        "firstName": "Norton",
        "lastName": "Waller",
        "course": {
            "uid": 1,
            "name": "Software Engineering"
        },
        "modules": [
            {
                "uid": 0,
                "name": "Module 0"
            },
            {
                "uid": 1,
                "name": "Module 1"
            },
            {
                "uid": 2,
                "name": "Module 2"
            },
            {
                "uid": 3,
                "name": "Module 3"
            }
        ],
        "registration": {
            "uid": 45,
            "signature": "6fbd2962-9770-4854-8d47-ff95781a6400"
        }
    },
    {
        "uid": 46,
        "age": 27,
        "firstName": "Mclean",
        "lastName": "Whitehead",
        "course": {
            "uid": 1,
            "name": "Software Engineering"
        },
        "modules": [
            {
                "uid": 0,
                "name": "Module 0"
            },
            {
                "uid": 1,
                "name": "Module 1"
            },
            {
                "uid": 2,
                "name": "Module 2"
            },
            {
                "uid": 3,
                "name": "Module 3"
            },
            {
                "uid": 4,
                "name": "Module 4"
            },
            {
                "uid": 5,
                "name": "Module 5"
            },
            {
                "uid": 6,
                "name": "Module 6"
            },
            {
                "uid": 7,
                "name": "Module 7"
            },
            {
                "uid": 8,
                "name": "Module 8"
            },
            {
                "uid": 9,
                "name": "Module 9"
            }
        ],
        "registration": {
            "uid": 46,
            "signature": "4d327ab4-f6ff-444b-9a55-bda080734637"
        }
    },
    {
        "uid": 47,
        "age": 34,
        "firstName": "Mcclain",
        "lastName": "Bullock",
        "course": {
            "uid": 1,
            "name": "Software Engineering"
        },
        "modules": [
            {
                "uid": 0,
                "name": "Module 0"
            },
            {
                "uid": 1,
                "name": "Module 1"
            },
            {
                "uid": 2,
                "name": "Module 2"
            }
        ],
        "registration": {
            "uid": 47,
            "signature": "65ef5121-e311-4941-a7b2-92c765a9c93f"
        }
    },
    {
        "uid": 48,
        "age": 40,
        "firstName": "Lynnette",
        "lastName": "Wolf",
        "course": {
            "uid": 1,
            "name": "Software Engineering"
        },
        "modules": [
            {
                "uid": 0,
                "name": "Module 0"
            },
            {
                "uid": 1,
                "name": "Module 1"
            },
            {
                "uid": 2,
                "name": "Module 2"
            },
            {
                "uid": 3,
                "name": "Module 3"
            },
            {
                "uid": 4,
                "name": "Module 4"
            },
            {
                "uid": 5,
                "name": "Module 5"
            },
            {
                "uid": 6,
                "name": "Module 6"
            },
            {
                "uid": 7,
                "name": "Module 7"
            },
            {
                "uid": 8,
                "name": "Module 8"
            },
            {
                "uid": 9,
                "name": "Module 9"
            }
        ],
        "registration": {
            "uid": 48,
            "signature": "14e97e6f-eef1-4278-b5d6-0fd2056550c4"
        }
    },
    {
        "uid": 49,
        "age": 36,
        "firstName": "Evangeline",
        "lastName": "Sims",
        "course": {
            "uid": 1,
            "name": "Software Engineering"
        },
        "modules": [
            {
                "uid": 0,
                "name": "Module 0"
            },
            {
                "uid": 1,
                "name": "Module 1"
            },
            {
                "uid": 2,
                "name": "Module 2"
            },
            {
                "uid": 3,
                "name": "Module 3"
            },
            {
                "uid": 4,
                "name": "Module 4"
            }
        ],
        "registration": {
            "uid": 49,
            "signature": "1913b866-36ae-4433-8116-505a0aabdd77"
        }
    },
    {
        "uid": 50,
        "age": 21,
        "firstName": "Bass",
        "lastName": "Fischer",
        "course": {
            "uid": 1,
            "name": "Software Engineering"
        },
        "modules": [
            {
                "uid": 0,
                "name": "Module 0"
            },
            {
                "uid": 1,
                "name": "Module 1"
            },
            {
                "uid": 2,
                "name": "Module 2"
            },
            {
                "uid": 3,
                "name": "Module 3"
            },
            {
                "uid": 4,
                "name": "Module 4"
            },
            {
                "uid": 5,
                "name": "Module 5"
            },
            {
                "uid": 6,
                "name": "Module 6"
            },
            {
                "uid": 7,
                "name": "Module 7"
            }
        ],
        "registration": {
            "uid": 50,
            "signature": "f723b3ac-5e84-456b-a5bd-2f4325377b7b"
        }
    },
    {
        "uid": 51,
        "age": 29,
        "firstName": "Merritt",
        "lastName": "Wright",
        "course": {
            "uid": 1,
            "name": "Software Engineering"
        },
        "modules": [
            {
                "uid": 0,
                "name": "Module 0"
            },
            {
                "uid": 1,
                "name": "Module 1"
            },
            {
                "uid": 2,
                "name": "Module 2"
            },
            {
                "uid": 3,
                "name": "Module 3"
            },
            {
                "uid": 4,
                "name": "Module 4"
            },
            {
                "uid": 5,
                "name": "Module 5"
            },
            {
                "uid": 6,
                "name": "Module 6"
            }
        ],
        "registration": {
            "uid": 51,
            "signature": "805bd9cb-559e-4ff5-b9d8-c63e89f31540"
        }
    },
    {
        "uid": 52,
        "age": 39,
        "firstName": "Knowles",
        "lastName": "Hurst",
        "course": {
            "uid": 1,
            "name": "Software Engineering"
        },
        "modules": [
            {
                "uid": 0,
                "name": "Module 0"
            },
            {
                "uid": 1,
                "name": "Module 1"
            },
            {
                "uid": 2,
                "name": "Module 2"
            },
            {
                "uid": 3,
                "name": "Module 3"
            }
        ],
        "registration": {
            "uid": 52,
            "signature": "3a4b5986-cc33-4ab9-b48a-bf5421fee778"
        }
    },
    {
        "uid": 53,
        "age": 23,
        "firstName": "Berger",
        "lastName": "Buckner",
        "course": {
            "uid": 1,
            "name": "Software Engineering"
        },
        "modules": [
            {
                "uid": 0,
                "name": "Module 0"
            },
            {
                "uid": 1,
                "name": "Module 1"
            },
            {
                "uid": 2,
                "name": "Module 2"
            },
            {
                "uid": 3,
                "name": "Module 3"
            },
            {
                "uid": 4,
                "name": "Module 4"
            },
            {
                "uid": 5,
                "name": "Module 5"
            },
            {
                "uid": 6,
                "name": "Module 6"
            },
            {
                "uid": 7,
                "name": "Module 7"
            },
            {
                "uid": 8,
                "name": "Module 8"
            },
            {
                "uid": 9,
                "name": "Module 9"
            }
        ],
        "registration": {
            "uid": 53,
            "signature": "8fe7531d-3f46-4f3d-8520-2a2aef4bcad0"
        }
    },
    {
        "uid": 54,
        "age": 32,
        "firstName": "Hampton",
        "lastName": "Wooten",
        "course": {
            "uid": 1,
            "name": "Software Engineering"
        },
        "modules": [
            {
                "uid": 0,
                "name": "Module 0"
            },
            {
                "uid": 1,
                "name": "Module 1"
            },
            {
                "uid": 2,
                "name": "Module 2"
            },
            {
                "uid": 3,
                "name": "Module 3"
            },
            {
                "uid": 4,
                "name": "Module 4"
            },
            {
                "uid": 5,
                "name": "Module 5"
            },
            {
                "uid": 6,
                "name": "Module 6"
            },
            {
                "uid": 7,
                "name": "Module 7"
            },
            {
                "uid": 8,
                "name": "Module 8"
            },
            {
                "uid": 9,
                "name": "Module 9"
            }
        ],
        "registration": {
            "uid": 54,
            "signature": "6be7afa7-5766-43cb-97a1-7ae832144ee3"
        }
    },
    {
        "uid": 55,
        "age": 36,
        "firstName": "Kara",
        "lastName": "Dotson",
        "course": {
            "uid": 1,
            "name": "Software Engineering"
        },
        "modules": [
            {
                "uid": 0,
                "name": "Module 0"
            },
            {
                "uid": 1,
                "name": "Module 1"
            },
            {
                "uid": 2,
                "name": "Module 2"
            }
        ],
        "registration": {
            "uid": 55,
            "signature": "d0da6dee-fc9c-4e01-b0ad-ede192ae2f04"
        }
    },
    {
        "uid": 56,
        "age": 29,
        "firstName": "Phyllis",
        "lastName": "Potter",
        "course": {
            "uid": 1,
            "name": "Software Engineering"
        },
        "modules": [
            {
                "uid": 0,
                "name": "Module 0"
            },
            {
                "uid": 1,
                "name": "Module 1"
            },
            {
                "uid": 2,
                "name": "Module 2"
            },
            {
                "uid": 3,
                "name": "Module 3"
            },
            {
                "uid": 4,
                "name": "Module 4"
            },
            {
                "uid": 5,
                "name": "Module 5"
            },
            {
                "uid": 6,
                "name": "Module 6"
            }
        ],
        "registration": {
            "uid": 56,
            "signature": "c8a54afa-e1a1-4685-866c-9d3755b756b2"
        }
    },
    {
        "uid": 57,
        "age": 40,
        "firstName": "Alfreda",
        "lastName": "Wilson",
        "course": {
            "uid": 1,
            "name": "Software Engineering"
        },
        "modules": [
            {
                "uid": 0,
                "name": "Module 0"
            },
            {
                "uid": 1,
                "name": "Module 1"
            },
            {
                "uid": 2,
                "name": "Module 2"
            },
            {
                "uid": 3,
                "name": "Module 3"
            },
            {
                "uid": 4,
                "name": "Module 4"
            },
            {
                "uid": 5,
                "name": "Module 5"
            },
            {
                "uid": 6,
                "name": "Module 6"
            },
            {
                "uid": 7,
                "name": "Module 7"
            },
            {
                "uid": 8,
                "name": "Module 8"
            }
        ],
        "registration": {
            "uid": 57,
            "signature": "b71614a7-0abc-479b-995b-8f1d738025ac"
        }
    },
    {
        "uid": 58,
        "age": 35,
        "firstName": "Josefina",
        "lastName": "Watson",
        "course": {
            "uid": 1,
            "name": "Software Engineering"
        },
        "modules": [
            {
                "uid": 0,
                "name": "Module 0"
            },
            {
                "uid": 1,
                "name": "Module 1"
            },
            {
                "uid": 2,
                "name": "Module 2"
            },
            {
                "uid": 3,
                "name": "Module 3"
            },
            {
                "uid": 4,
                "name": "Module 4"
            },
            {
                "uid": 5,
                "name": "Module 5"
            },
            {
                "uid": 6,
                "name": "Module 6"
            },
            {
                "uid": 7,
                "name": "Module 7"
            },
            {
                "uid": 8,
                "name": "Module 8"
            },
            {
                "uid": 9,
                "name": "Module 9"
            }
        ],
        "registration": {
            "uid": 58,
            "signature": "fb5c69c0-ec22-4e93-81d4-192fee2589bc"
        }
    },
    {
        "uid": 59,
        "age": 29,
        "firstName": "Christian",
        "lastName": "James",
        "course": {
            "uid": 1,
            "name": "Software Engineering"
        },
        "modules": [
            {
                "uid": 0,
                "name": "Module 0"
            },
            {
                "uid": 1,
                "name": "Module 1"
            },
            {
                "uid": 2,
                "name": "Module 2"
            },
            {
                "uid": 3,
                "name": "Module 3"
            },
            {
                "uid": 4,
                "name": "Module 4"
            }
        ],
        "registration": {
            "uid": 59,
            "signature": "8c219218-13d9-43fb-8b2c-a32a3a2b1ace"
        }
    },
    {
        "uid": 60,
        "age": 37,
        "firstName": "Downs",
        "lastName": "Pugh",
        "course": {
            "uid": 1,
            "name": "Software Engineering"
        },
        "modules": [
            {
                "uid": 0,
                "name": "Module 0"
            },
            {
                "uid": 1,
                "name": "Module 1"
            },
            {
                "uid": 2,
                "name": "Module 2"
            },
            {
                "uid": 3,
                "name": "Module 3"
            },
            {
                "uid": 4,
                "name": "Module 4"
            },
            {
                "uid": 5,
                "name": "Module 5"
            },
            {
                "uid": 6,
                "name": "Module 6"
            },
            {
                "uid": 7,
                "name": "Module 7"
            }
        ],
        "registration": {
            "uid": 60,
            "signature": "62aa25d3-a33c-4527-af31-f30e3af222b5"
        }
    },
    {
        "uid": 61,
        "age": 32,
        "firstName": "Carol",
        "lastName": "Deleon",
        "course": {
            "uid": 1,
            "name": "Software Engineering"
        },
        "modules": [
            {
                "uid": 0,
                "name": "Module 0"
            },
            {
                "uid": 1,
                "name": "Module 1"
            },
            {
                "uid": 2,
                "name": "Module 2"
            },
            {
                "uid": 3,
                "name": "Module 3"
            }
        ],
        "registration": {
            "uid": 61,
            "signature": "7df1f473-094c-42b7-849f-7e5ea8690208"
        }
    },
    {
        "uid": 62,
        "age": 37,
        "firstName": "Freda",
        "lastName": "Bender",
        "course": {
            "uid": 1,
            "name": "Software Engineering"
        },
        "modules": [
            {
                "uid": 0,
                "name": "Module 0"
            },
            {
                "uid": 1,
                "name": "Module 1"
            },
            {
                "uid": 2,
                "name": "Module 2"
            },
            {
                "uid": 3,
                "name": "Module 3"
            },
            {
                "uid": 4,
                "name": "Module 4"
            }
        ],
        "registration": {
            "uid": 62,
            "signature": "72c36c07-bca9-47cd-b951-2b5a85257e74"
        }
    },
    {
        "uid": 63,
        "age": 36,
        "firstName": "Jody",
        "lastName": "Coffey",
        "course": {
            "uid": 1,
            "name": "Software Engineering"
        },
        "modules": [
            {
                "uid": 0,
                "name": "Module 0"
            },
            {
                "uid": 1,
                "name": "Module 1"
            },
            {
                "uid": 2,
                "name": "Module 2"
            },
            {
                "uid": 3,
                "name": "Module 3"
            },
            {
                "uid": 4,
                "name": "Module 4"
            },
            {
                "uid": 5,
                "name": "Module 5"
            }
        ],
        "registration": {
            "uid": 63,
            "signature": "9ad50e95-a304-4cee-999c-6cc3a15b5dd7"
        }
    },
    {
        "uid": 64,
        "age": 35,
        "firstName": "Rosa",
        "lastName": "Whitney",
        "course": {
            "uid": 1,
            "name": "Software Engineering"
        },
        "modules": [
            {
                "uid": 0,
                "name": "Module 0"
            },
            {
                "uid": 1,
                "name": "Module 1"
            },
            {
                "uid": 2,
                "name": "Module 2"
            },
            {
                "uid": 3,
                "name": "Module 3"
            },
            {
                "uid": 4,
                "name": "Module 4"
            },
            {
                "uid": 5,
                "name": "Module 5"
            },
            {
                "uid": 6,
                "name": "Module 6"
            },
            {
                "uid": 7,
                "name": "Module 7"
            },
            {
                "uid": 8,
                "name": "Module 8"
            },
            {
                "uid": 9,
                "name": "Module 9"
            }
        ],
        "registration": {
            "uid": 64,
            "signature": "a5c1f1f2-fdc5-4646-bc7d-e8498830ee0d"
        }
    },
    {
        "uid": 65,
        "age": 31,
        "firstName": "Dean",
        "lastName": "Hardin",
        "course": {
            "uid": 1,
            "name": "Software Engineering"
        },
        "modules": [
            {
                "uid": 0,
                "name": "Module 0"
            },
            {
                "uid": 1,
                "name": "Module 1"
            },
            {
                "uid": 2,
                "name": "Module 2"
            },
            {
                "uid": 3,
                "name": "Module 3"
            },
            {
                "uid": 4,
                "name": "Module 4"
            }
        ],
        "registration": {
            "uid": 65,
            "signature": "15474e45-94a5-4ed1-83eb-1e52c9c2a8aa"
        }
    },
    {
        "uid": 66,
        "age": 38,
        "firstName": "Cotton",
        "lastName": "Flynn",
        "course": {
            "uid": 1,
            "name": "Software Engineering"
        },
        "modules": [
            {
                "uid": 0,
                "name": "Module 0"
            },
            {
                "uid": 1,
                "name": "Module 1"
            },
            {
                "uid": 2,
                "name": "Module 2"
            },
            {
                "uid": 3,
                "name": "Module 3"
            },
            {
                "uid": 4,
                "name": "Module 4"
            }
        ],
        "registration": {
            "uid": 66,
            "signature": "405b788f-90fe-4335-8d87-f010fdf6dd70"
        }
    },
    {
        "uid": 67,
        "age": 28,
        "firstName": "Lindsey",
        "lastName": "Perez",
        "course": {
            "uid": 1,
            "name": "Software Engineering"
        },
        "modules": [
            {
                "uid": 0,
                "name": "Module 0"
            },
            {
                "uid": 1,
                "name": "Module 1"
            },
            {
                "uid": 2,
                "name": "Module 2"
            },
            {
                "uid": 3,
                "name": "Module 3"
            },
            {
                "uid": 4,
                "name": "Module 4"
            },
            {
                "uid": 5,
                "name": "Module 5"
            }
        ],
        "registration": {
            "uid": 67,
            "signature": "28e67743-fd83-48f3-88fd-3b1b4a119034"
        }
    },
    {
        "uid": 68,
        "age": 28,
        "firstName": "Sargent",
        "lastName": "Schneider",
        "course": {
            "uid": 1,
            "name": "Software Engineering"
        },
        "modules": [
            {
                "uid": 0,
                "name": "Module 0"
            },
            {
                "uid": 1,
                "name": "Module 1"
            },
            {
                "uid": 2,
                "name": "Module 2"
            },
            {
                "uid": 3,
                "name": "Module 3"
            },
            {
                "uid": 4,
                "name": "Module 4"
            },
            {
                "uid": 5,
                "name": "Module 5"
            },
            {
                "uid": 6,
                "name": "Module 6"
            },
            {
                "uid": 7,
                "name": "Module 7"
            },
            {
                "uid": 8,
                "name": "Module 8"
            },
            {
                "uid": 9,
                "name": "Module 9"
            }
        ],
        "registration": {
            "uid": 68,
            "signature": "490a2907-ad8e-41c1-b24b-e3a3f3005f1e"
        }
    },
    {
        "uid": 69,
        "age": 35,
        "firstName": "Cristina",
        "lastName": "Webster",
        "course": {
            "uid": 1,
            "name": "Software Engineering"
        },
        "modules": [
            {
                "uid": 0,
                "name": "Module 0"
            },
            {
                "uid": 1,
                "name": "Module 1"
            },
            {
                "uid": 2,
                "name": "Module 2"
            },
            {
                "uid": 3,
                "name": "Module 3"
            }
        ],
        "registration": {
            "uid": 69,
            "signature": "4f30299b-8f50-4141-9f35-34d483fe58fc"
        }
    },
    {
        "uid": 70,
        "age": 31,
        "firstName": "Atkins",
        "lastName": "Reilly",
        "course": {
            "uid": 1,
            "name": "Software Engineering"
        },
        "modules": [
            {
                "uid": 0,
                "name": "Module 0"
            },
            {
                "uid": 1,
                "name": "Module 1"
            },
            {
                "uid": 2,
                "name": "Module 2"
            },
            {
                "uid": 3,
                "name": "Module 3"
            },
            {
                "uid": 4,
                "name": "Module 4"
            },
            {
                "uid": 5,
                "name": "Module 5"
            },
            {
                "uid": 6,
                "name": "Module 6"
            },
            {
                "uid": 7,
                "name": "Module 7"
            },
            {
                "uid": 8,
                "name": "Module 8"
            },
            {
                "uid": 9,
                "name": "Module 9"
            }
        ],
        "registration": {
            "uid": 70,
            "signature": "cf794315-d679-45d8-b0fc-8d953aeada00"
        }
    },
    {
        "uid": 71,
        "age": 38,
        "firstName": "Quinn",
        "lastName": "Jacobs",
        "course": {
            "uid": 1,
            "name": "Software Engineering"
        },
        "modules": [
            {
                "uid": 0,
                "name": "Module 0"
            },
            {
                "uid": 1,
                "name": "Module 1"
            },
            {
                "uid": 2,
                "name": "Module 2"
            },
            {
                "uid": 3,
                "name": "Module 3"
            },
            {
                "uid": 4,
                "name": "Module 4"
            },
            {
                "uid": 5,
                "name": "Module 5"
            }
        ],
        "registration": {
            "uid": 71,
            "signature": "ec39dde5-3c8a-4d27-b7e7-6b482f1d163a"
        }
    },
    {
        "uid": 72,
        "age": 32,
        "firstName": "Claudia",
        "lastName": "Ward",
        "course": {
            "uid": 1,
            "name": "Software Engineering"
        },
        "modules": [
            {
                "uid": 0,
                "name": "Module 0"
            },
            {
                "uid": 1,
                "name": "Module 1"
            },
            {
                "uid": 2,
                "name": "Module 2"
            },
            {
                "uid": 3,
                "name": "Module 3"
            },
            {
                "uid": 4,
                "name": "Module 4"
            },
            {
                "uid": 5,
                "name": "Module 5"
            },
            {
                "uid": 6,
                "name": "Module 6"
            },
            {
                "uid": 7,
                "name": "Module 7"
            }
        ],
        "registration": {
            "uid": 72,
            "signature": "f804851c-e2f0-42de-8eda-28a15173e5a5"
        }
    },
    {
        "uid": 73,
        "age": 39,
        "firstName": "Elba",
        "lastName": "Ruiz",
        "course": {
            "uid": 1,
            "name": "Software Engineering"
        },
        "modules": [
            {
                "uid": 0,
                "name": "Module 0"
            },
            {
                "uid": 1,
                "name": "Module 1"
            },
            {
                "uid": 2,
                "name": "Module 2"
            },
            {
                "uid": 3,
                "name": "Module 3"
            }
        ],
        "registration": {
            "uid": 73,
            "signature": "3da1e9a8-014c-4703-a123-e4ae03a3f16d"
        }
    },
    {
        "uid": 74,
        "age": 27,
        "firstName": "David",
        "lastName": "Cruz",
        "course": {
            "uid": 1,
            "name": "Software Engineering"
        },
        "modules": [
            {
                "uid": 0,
                "name": "Module 0"
            },
            {
                "uid": 1,
                "name": "Module 1"
            },
            {
                "uid": 2,
                "name": "Module 2"
            },
            {
                "uid": 3,
                "name": "Module 3"
            },
            {
                "uid": 4,
                "name": "Module 4"
            },
            {
                "uid": 5,
                "name": "Module 5"
            },
            {
                "uid": 6,
                "name": "Module 6"
            },
            {
                "uid": 7,
                "name": "Module 7"
            },
            {
                "uid": 8,
                "name": "Module 8"
            },
            {
                "uid": 9,
                "name": "Module 9"
            }
        ],
        "registration": {
            "uid": 74,
            "signature": "7c38e772-db17-4cc3-8467-71cf7cd7ff3c"
        }
    },
    {
        "uid": 75,
        "age": 36,
        "firstName": "Nicole",
        "lastName": "Holmes",
        "course": {
            "uid": 1,
            "name": "Software Engineering"
        },
        "modules": [
            {
                "uid": 0,
                "name": "Module 0"
            },
            {
                "uid": 1,
                "name": "Module 1"
            },
            {
                "uid": 2,
                "name": "Module 2"
            },
            {
                "uid": 3,
                "name": "Module 3"
            },
            {
                "uid": 4,
                "name": "Module 4"
            },
            {
                "uid": 5,
                "name": "Module 5"
            },
            {
                "uid": 6,
                "name": "Module 6"
            }
        ],
        "registration": {
            "uid": 75,
            "signature": "d5faa2fe-0b82-4f64-8236-235438e47e7f"
        }
    },
    {
        "uid": 76,
        "age": 30,
        "firstName": "Jacquelyn",
        "lastName": "Nelson",
        "course": {
            "uid": 1,
            "name": "Software Engineering"
        },
        "modules": [
            {
                "uid": 0,
                "name": "Module 0"
            },
            {
                "uid": 1,
                "name": "Module 1"
            },
            {
                "uid": 2,
                "name": "Module 2"
            }
        ],
        "registration": {
            "uid": 76,
            "signature": "23b0871c-8106-4e23-a4ff-7fc80fa7c493"
        }
    },
    {
        "uid": 77,
        "age": 39,
        "firstName": "Chapman",
        "lastName": "Vaughan",
        "course": {
            "uid": 1,
            "name": "Software Engineering"
        },
        "modules": [
            {
                "uid": 0,
                "name": "Module 0"
            },
            {
                "uid": 1,
                "name": "Module 1"
            },
            {
                "uid": 2,
                "name": "Module 2"
            },
            {
                "uid": 3,
                "name": "Module 3"
            },
            {
                "uid": 4,
                "name": "Module 4"
            },
            {
                "uid": 5,
                "name": "Module 5"
            }
        ],
        "registration": {
            "uid": 77,
            "signature": "d400c116-8f81-439f-8826-8c414eabff49"
        }
    },
    {
        "uid": 78,
        "age": 22,
        "firstName": "Shaw",
        "lastName": "Mccarty",
        "course": {
            "uid": 1,
            "name": "Software Engineering"
        },
        "modules": [
            {
                "uid": 0,
                "name": "Module 0"
            },
            {
                "uid": 1,
                "name": "Module 1"
            },
            {
                "uid": 2,
                "name": "Module 2"
            },
            {
                "uid": 3,
                "name": "Module 3"
            },
            {
                "uid": 4,
                "name": "Module 4"
            },
            {
                "uid": 5,
                "name": "Module 5"
            },
            {
                "uid": 6,
                "name": "Module 6"
            }
        ],
        "registration": {
            "uid": 78,
            "signature": "e9d4bec1-794a-401c-8b64-566540008fbd"
        }
    },
    {
        "uid": 79,
        "age": 26,
        "firstName": "Price",
        "lastName": "Waters",
        "course": {
            "uid": 1,
            "name": "Software Engineering"
        },
        "modules": [
            {
                "uid": 0,
                "name": "Module 0"
            },
            {
                "uid": 1,
                "name": "Module 1"
            },
            {
                "uid": 2,
                "name": "Module 2"
            }
        ],
        "registration": {
            "uid": 79,
            "signature": "4c711234-3f40-4ce6-8ac6-c9e5aaa4bc2b"
        }
    },
    {
        "uid": 80,
        "age": 38,
        "firstName": "Schultz",
        "lastName": "Hays",
        "course": {
            "uid": 1,
            "name": "Software Engineering"
        },
        "modules": [
            {
                "uid": 0,
                "name": "Module 0"
            },
            {
                "uid": 1,
                "name": "Module 1"
            },
            {
                "uid": 2,
                "name": "Module 2"
            },
            {
                "uid": 3,
                "name": "Module 3"
            },
            {
                "uid": 4,
                "name": "Module 4"
            },
            {
                "uid": 5,
                "name": "Module 5"
            },
            {
                "uid": 6,
                "name": "Module 6"
            }
        ],
        "registration": {
            "uid": 80,
            "signature": "57264454-9e33-4f16-beba-b03c429d9c01"
        }
    },
    {
        "uid": 81,
        "age": 20,
        "firstName": "Figueroa",
        "lastName": "Barrera",
        "course": {
            "uid": 1,
            "name": "Software Engineering"
        },
        "modules": [
            {
                "uid": 0,
                "name": "Module 0"
            },
            {
                "uid": 1,
                "name": "Module 1"
            },
            {
                "uid": 2,
                "name": "Module 2"
            },
            {
                "uid": 3,
                "name": "Module 3"
            },
            {
                "uid": 4,
                "name": "Module 4"
            }
        ],
        "registration": {
            "uid": 81,
            "signature": "0a46d50f-5fa0-44e0-b335-b36d93abcb0f"
        }
    },
    {
        "uid": 82,
        "age": 26,
        "firstName": "Dianna",
        "lastName": "Franco",
        "course": {
            "uid": 1,
            "name": "Software Engineering"
        },
        "modules": [
            {
                "uid": 0,
                "name": "Module 0"
            },
            {
                "uid": 1,
                "name": "Module 1"
            },
            {
                "uid": 2,
                "name": "Module 2"
            },
            {
                "uid": 3,
                "name": "Module 3"
            },
            {
                "uid": 4,
                "name": "Module 4"
            }
        ],
        "registration": {
            "uid": 82,
            "signature": "432b7daa-9f7f-4c76-ab52-dfff3dec5c24"
        }
    },
    {
        "uid": 83,
        "age": 38,
        "firstName": "Marie",
        "lastName": "Joseph",
        "course": {
            "uid": 1,
            "name": "Software Engineering"
        },
        "modules": [
            {
                "uid": 0,
                "name": "Module 0"
            },
            {
                "uid": 1,
                "name": "Module 1"
            },
            {
                "uid": 2,
                "name": "Module 2"
            },
            {
                "uid": 3,
                "name": "Module 3"
            },
            {
                "uid": 4,
                "name": "Module 4"
            },
            {
                "uid": 5,
                "name": "Module 5"
            },
            {
                "uid": 6,
                "name": "Module 6"
            },
            {
                "uid": 7,
                "name": "Module 7"
            },
            {
                "uid": 8,
                "name": "Module 8"
            },
            {
                "uid": 9,
                "name": "Module 9"
            }
        ],
        "registration": {
            "uid": 83,
            "signature": "e7d40188-6e73-4313-8cea-88d77118eb09"
        }
    },
    {
        "uid": 84,
        "age": 20,
        "firstName": "Stevenson",
        "lastName": "Moses",
        "course": {
            "uid": 1,
            "name": "Software Engineering"
        },
        "modules": [
            {
                "uid": 0,
                "name": "Module 0"
            },
            {
                "uid": 1,
                "name": "Module 1"
            },
            {
                "uid": 2,
                "name": "Module 2"
            },
            {
                "uid": 3,
                "name": "Module 3"
            }
        ],
        "registration": {
            "uid": 84,
            "signature": "3072bf98-e341-4107-8d36-91304305e7e5"
        }
    },
    {
        "uid": 85,
        "age": 33,
        "firstName": "Chrystal",
        "lastName": "Wiley",
        "course": {
            "uid": 1,
            "name": "Software Engineering"
        },
        "modules": [
            {
                "uid": 0,
                "name": "Module 0"
            },
            {
                "uid": 1,
                "name": "Module 1"
            },
            {
                "uid": 2,
                "name": "Module 2"
            },
            {
                "uid": 3,
                "name": "Module 3"
            },
            {
                "uid": 4,
                "name": "Module 4"
            },
            {
                "uid": 5,
                "name": "Module 5"
            },
            {
                "uid": 6,
                "name": "Module 6"
            },
            {
                "uid": 7,
                "name": "Module 7"
            },
            {
                "uid": 8,
                "name": "Module 8"
            }
        ],
        "registration": {
            "uid": 85,
            "signature": "d6ed7970-1ec5-4332-a8c9-aacf643a74b8"
        }
    },
    {
        "uid": 86,
        "age": 27,
        "firstName": "Flores",
        "lastName": "Allison",
        "course": {
            "uid": 1,
            "name": "Software Engineering"
        },
        "modules": [
            {
                "uid": 0,
                "name": "Module 0"
            },
            {
                "uid": 1,
                "name": "Module 1"
            },
            {
                "uid": 2,
                "name": "Module 2"
            },
            {
                "uid": 3,
                "name": "Module 3"
            }
        ],
        "registration": {
            "uid": 86,
            "signature": "f8e1d283-ff6a-4979-9f25-e2413296473e"
        }
    },
    {
        "uid": 87,
        "age": 22,
        "firstName": "Levine",
        "lastName": "Craft",
        "course": {
            "uid": 1,
            "name": "Software Engineering"
        },
        "modules": [
            {
                "uid": 0,
                "name": "Module 0"
            },
            {
                "uid": 1,
                "name": "Module 1"
            },
            {
                "uid": 2,
                "name": "Module 2"
            },
            {
                "uid": 3,
                "name": "Module 3"
            },
            {
                "uid": 4,
                "name": "Module 4"
            },
            {
                "uid": 5,
                "name": "Module 5"
            },
            {
                "uid": 6,
                "name": "Module 6"
            }
        ],
        "registration": {
            "uid": 87,
            "signature": "e696ba71-921e-4b44-a2e3-355c11860307"
        }
    },
    {
        "uid": 88,
        "age": 22,
        "firstName": "Sonia",
        "lastName": "Powell",
        "course": {
            "uid": 1,
            "name": "Software Engineering"
        },
        "modules": [
            {
                "uid": 0,
                "name": "Module 0"
            },
            {
                "uid": 1,
                "name": "Module 1"
            },
            {
                "uid": 2,
                "name": "Module 2"
            }
        ],
        "registration": {
            "uid": 88,
            "signature": "8d6ff429-3ad8-42a8-b20d-4ba51f80543f"
        }
    },
    {
        "uid": 89,
        "age": 36,
        "firstName": "Gallegos",
        "lastName": "Powers",
        "course": {
            "uid": 1,
            "name": "Software Engineering"
        },
        "modules": [
            {
                "uid": 0,
                "name": "Module 0"
            },
            {
                "uid": 1,
                "name": "Module 1"
            },
            {
                "uid": 2,
                "name": "Module 2"
            },
            {
                "uid": 3,
                "name": "Module 3"
            },
            {
                "uid": 4,
                "name": "Module 4"
            },
            {
                "uid": 5,
                "name": "Module 5"
            },
            {
                "uid": 6,
                "name": "Module 6"
            },
            {
                "uid": 7,
                "name": "Module 7"
            }
        ],
        "registration": {
            "uid": 89,
            "signature": "288adf6a-1f50-40ca-bf75-093e201c69e4"
        }
    },
    {
        "uid": 90,
        "age": 31,
        "firstName": "Cortez",
        "lastName": "Santos",
        "course": {
            "uid": 1,
            "name": "Software Engineering"
        },
        "modules": [
            {
                "uid": 0,
                "name": "Module 0"
            },
            {
                "uid": 1,
                "name": "Module 1"
            },
            {
                "uid": 2,
                "name": "Module 2"
            }
        ],
        "registration": {
            "uid": 90,
            "signature": "0a5d0131-e0cb-4a2c-842a-00a8a2bdcdfd"
        }
    },
    {
        "uid": 91,
        "age": 30,
        "firstName": "Kristy",
        "lastName": "Cantu",
        "course": {
            "uid": 1,
            "name": "Software Engineering"
        },
        "modules": [
            {
                "uid": 0,
                "name": "Module 0"
            },
            {
                "uid": 1,
                "name": "Module 1"
            },
            {
                "uid": 2,
                "name": "Module 2"
            },
            {
                "uid": 3,
                "name": "Module 3"
            },
            {
                "uid": 4,
                "name": "Module 4"
            },
            {
                "uid": 5,
                "name": "Module 5"
            },
            {
                "uid": 6,
                "name": "Module 6"
            },
            {
                "uid": 7,
                "name": "Module 7"
            },
            {
                "uid": 8,
                "name": "Module 8"
            },
            {
                "uid": 9,
                "name": "Module 9"
            }
        ],
        "registration": {
            "uid": 91,
            "signature": "c46bd4d3-b733-4046-9b0c-5949ac405640"
        }
    },
    {
        "uid": 92,
        "age": 20,
        "firstName": "Booker",
        "lastName": "Compton",
        "course": {
            "uid": 1,
            "name": "Software Engineering"
        },
        "modules": [
            {
                "uid": 0,
                "name": "Module 0"
            },
            {
                "uid": 1,
                "name": "Module 1"
            },
            {
                "uid": 2,
                "name": "Module 2"
            }
        ],
        "registration": {
            "uid": 92,
            "signature": "24a089b1-54c4-4e70-a0a1-d49c675ec77d"
        }
    },
    {
        "uid": 93,
        "age": 37,
        "firstName": "Christensen",
        "lastName": "Wallace",
        "course": {
            "uid": 1,
            "name": "Software Engineering"
        },
        "modules": [
            {
                "uid": 0,
                "name": "Module 0"
            },
            {
                "uid": 1,
                "name": "Module 1"
            },
            {
                "uid": 2,
                "name": "Module 2"
            },
            {
                "uid": 3,
                "name": "Module 3"
            },
            {
                "uid": 4,
                "name": "Module 4"
            },
            {
                "uid": 5,
                "name": "Module 5"
            },
            {
                "uid": 6,
                "name": "Module 6"
            },
            {
                "uid": 7,
                "name": "Module 7"
            },
            {
                "uid": 8,
                "name": "Module 8"
            }
        ],
        "registration": {
            "uid": 93,
            "signature": "815408dd-09f8-4011-8c26-509ffa5ed3f0"
        }
    },
    {
        "uid": 94,
        "age": 20,
        "firstName": "Mckay",
        "lastName": "Mann",
        "course": {
            "uid": 1,
            "name": "Software Engineering"
        },
        "modules": [
            {
                "uid": 0,
                "name": "Module 0"
            },
            {
                "uid": 1,
                "name": "Module 1"
            },
            {
                "uid": 2,
                "name": "Module 2"
            },
            {
                "uid": 3,
                "name": "Module 3"
            },
            {
                "uid": 4,
                "name": "Module 4"
            },
            {
                "uid": 5,
                "name": "Module 5"
            },
            {
                "uid": 6,
                "name": "Module 6"
            },
            {
                "uid": 7,
                "name": "Module 7"
            },
            {
                "uid": 8,
                "name": "Module 8"
            }
        ],
        "registration": {
            "uid": 94,
            "signature": "26dc02e8-141b-4b39-9f95-dcfdf2a8c49c"
        }
    },
    {
        "uid": 95,
        "age": 29,
        "firstName": "Bruce",
        "lastName": "Travis",
        "course": {
            "uid": 1,
            "name": "Software Engineering"
        },
        "modules": [
            {
                "uid": 0,
                "name": "Module 0"
            },
            {
                "uid": 1,
                "name": "Module 1"
            },
            {
                "uid": 2,
                "name": "Module 2"
            },
            {
                "uid": 3,
                "name": "Module 3"
            },
            {
                "uid": 4,
                "name": "Module 4"
            },
            {
                "uid": 5,
                "name": "Module 5"
            },
            {
                "uid": 6,
                "name": "Module 6"
            },
            {
                "uid": 7,
                "name": "Module 7"
            },
            {
                "uid": 8,
                "name": "Module 8"
            }
        ],
        "registration": {
            "uid": 95,
            "signature": "fe56691c-d695-4d81-98f5-1250bc12209c"
        }
    },
    {
        "uid": 96,
        "age": 36,
        "firstName": "Deborah",
        "lastName": "Bishop",
        "course": {
            "uid": 1,
            "name": "Software Engineering"
        },
        "modules": [
            {
                "uid": 0,
                "name": "Module 0"
            },
            {
                "uid": 1,
                "name": "Module 1"
            },
            {
                "uid": 2,
                "name": "Module 2"
            }
        ],
        "registration": {
            "uid": 96,
            "signature": "7d10f8d0-1032-470e-b721-269c1f8542aa"
        }
    },
    {
        "uid": 97,
        "age": 20,
        "firstName": "Haley",
        "lastName": "Parker",
        "course": {
            "uid": 1,
            "name": "Software Engineering"
        },
        "modules": [
            {
                "uid": 0,
                "name": "Module 0"
            },
            {
                "uid": 1,
                "name": "Module 1"
            },
            {
                "uid": 2,
                "name": "Module 2"
            },
            {
                "uid": 3,
                "name": "Module 3"
            },
            {
                "uid": 4,
                "name": "Module 4"
            }
        ],
        "registration": {
            "uid": 97,
            "signature": "e46c7f28-8936-4ea5-971c-f5e075b88183"
        }
    },
    {
        "uid": 98,
        "age": 39,
        "firstName": "Verna",
        "lastName": "Dale",
        "course": {
            "uid": 1,
            "name": "Software Engineering"
        },
        "modules": [
            {
                "uid": 0,
                "name": "Module 0"
            },
            {
                "uid": 1,
                "name": "Module 1"
            },
            {
                "uid": 2,
                "name": "Module 2"
            },
            {
                "uid": 3,
                "name": "Module 3"
            },
            {
                "uid": 4,
                "name": "Module 4"
            },
            {
                "uid": 5,
                "name": "Module 5"
            }
        ],
        "registration": {
            "uid": 98,
            "signature": "902cce64-ffe2-43b9-ad86-4d6f044c9683"
        }
    },
    {
        "uid": 99,
        "age": 40,
        "firstName": "Walls",
        "lastName": "Kirby",
        "course": {
            "uid": 1,
            "name": "Software Engineering"
        },
        "modules": [
            {
                "uid": 0,
                "name": "Module 0"
            },
            {
                "uid": 1,
                "name": "Module 1"
            },
            {
                "uid": 2,
                "name": "Module 2"
            },
            {
                "uid": 3,
                "name": "Module 3"
            },
            {
                "uid": 4,
                "name": "Module 4"
            },
            {
                "uid": 5,
                "name": "Module 5"
            },
            {
                "uid": 6,
                "name": "Module 6"
            },
            {
                "uid": 7,
                "name": "Module 7"
            }
        ],
        "registration": {
            "uid": 99,
            "signature": "6aa8fd50-1aa3-4a8a-954c-0488899d2b8a"
        }
    }
]