﻿<?xml version="1.0" encoding="utf-8"?>
<!-- Copyright 2011 Bluetooth SIG, Inc. All rights reserved. -->
<Characteristic xsi:noNamespaceSchemaLocation="http://schemas.bluetooth.org/Documents/characteristic.xsd" xmlns:xsi="http://www.w3.org/2001/XMLSchema-instance" type="org.bluetooth.characteristic.firmware_revision_string" uuid="2A26" name="Firmware Revision String" last-modified="2011-05-24" approved="Yes">
  <InformativeText>
    <Summary>
            The value of this characteristic is a UTF-8 string representing the firmware revision for the firmware within the device.
		</Summary>
  </InformativeText>
  <Value>
    <Field name="Firmware Revision">
      <Requirement>Mandatory</Requirement>
      <Format>utf8s</Format>
    </Field>
  </Value>
</Characteristic>
